tipo;range;value;resposta
C;3;953;3
C;21;275;3
C;2;918;3
A;24;989;2
A;4;781;2
A;29;801;2
C;13;357;3
A;18;653;2
B;2;366;3
B;11;846;1
A;28;236;2
C;13;820;3
B;10;336;1
C;5;271;3
B;9;876;3
B;10;642;1
C;4;475;3
B;1;819;3
B;9;471;3
B;5;760;3
B;5;274;3
C;15;869;3
B;25;817;1
C;11;199;3
C;3;560;3
A;27;637;2
A;22;503;2
B;2;30;3
A;29;729;2
B;26;68;1
C;27;820;3
B;4;772;3
C;3;500;3
A;27;446;2
B;25;63;1
B;24;946;1
B;10;633;1
A;6;94;3
C;17;413;3
C;24;665;3
B;30;205;1
B;10;971;1
B;6;560;3
C;24;940;3
C;4;157;3
A;5;12;2
B;28;22;1
A;18;851;2
B;20;838;1
B;27;456;1
B;15;795;1
C;17;339;3
A;23;820;2
C;26;903;3
A;15;935;2
C;26;191;3
B;7;305;3
B;15;590;1
C;7;996;3
B;23;907;1
C;12;343;3
C;23;157;3
A;14;672;2
A;16;350;2
C;19;3;3
C;22;259;3
A;14;984;2
C;3;546;3
C;8;647;3
C;18;502;3
C;3;917;3
C;16;400;3
C;0;761;3
A;0;919;2
C;0;331;3
A;2;470;2
C;7;871;3
C;15;241;3
C;8;510;3
C;15;869;3
A;19;627;2
A;11;884;2
C;12;24;3
B;1;531;3
B;18;30;1
C;23;731;3
B;15;675;1
A;27;824;2
C;23;140;3
B;3;665;3
A;23;985;2
B;20;186;1
C;28;206;3
C;26;637;3
C;4;246;3
B;10;475;1
B;0;974;3
B;25;179;1
C;14;449;3
C;24;946;3
A;4;885;2
A;6;689;2
A;5;622;2
B;14;569;1
C;16;241;3
C;26;272;3
B;15;847;1
B;16;794;1
C;8;791;3
B;25;805;1
A;15;312;2
B;24;522;1
C;10;299;3
C;27;555;3
C;7;266;3
B;3;137;3
C;24;310;3
A;5;83;2
B;8;945;3
C;16;81;3
C;4;127;3
A;1;392;2
A;15;714;2
A;2;226;2
A;8;575;2
C;10;571;3
C;27;2;3
A;24;631;2
C;22;190;3
A;11;453;2
B;0;116;3
C;18;862;3
C;27;636;3
B;2;956;3
A;8;448;2
A;10;582;2
A;26;107;2
A;2;865;2
B;22;388;1
A;0;261;2
B;19;476;1
C;11;108;3
B;5;535;3
C;25;925;3
C;15;357;3
C;1;52;3
A;19;980;2
A;10;716;2
C;12;511;3
C;5;812;3
B;9;227;3
A;17;45;2
C;2;57;3
B;21;748;1
C;8;572;3
C;0;838;3
C;28;713;3
A;23;367;2
C;12;141;3
C;3;922;3
A;30;924;2
C;3;863;3
C;13;214;3
C;29;294;3
B;3;107;3
C;2;700;3
A;6;749;2
C;19;884;3
B;15;894;1
A;12;702;2
C;6;344;3
C;1;857;3
C;6;365;3
A;4;332;2
C;5;335;3
B;4;254;3
C;3;122;3
B;8;447;3
A;3;406;2
C;27;275;3
B;15;792;1
B;28;494;1
A;2;36;3
A;11;62;2
B;21;745;1
C;22;54;3
A;26;641;2
B;22;370;1
B;9;646;3
C;26;826;3
B;20;432;1
B;2;496;3
B;24;147;1
B;13;879;1
B;18;526;1
C;16;199;3
A;11;48;2
A;29;129;2
B;28;97;1
C;12;39;3
C;13;519;3
B;29;160;1
C;22;662;3
B;0;502;3
A;8;1000;2
B;7;922;3
B;0;579;3
A;3;837;2
A;15;91;2
A;27;352;2
B;5;607;3
B;28;610;1
B;16;548;1
A;12;990;2
A;4;417;2
B;28;133;1
A;9;484;2
B;27;348;1
A;11;289;2
C;6;482;3
A;24;261;2
A;5;977;2
B;19;319;1
A;30;906;2
A;17;527;2
A;14;436;2
A;2;60;3
A;19;734;2
A;9;958;2
A;26;529;2
A;26;743;2
A;17;755;2
C;11;529;3
C;9;33;3
A;14;521;2
C;20;136;3
A;9;34;2
A;28;733;2
B;22;48;1
A;27;497;2
C;3;344;3
B;26;283;1
C;18;397;3
A;2;676;2
B;1;986;3
B;29;901;1
A;6;868;2
A;26;945;2
C;17;420;3
A;21;317;2
A;28;337;2
A;9;324;2
B;25;218;1
A;15;266;2
B;21;722;1
B;4;177;3
A;13;158;2
C;24;798;3
A;18;281;2
B;11;898;1
A;0;450;2
B;1;857;3
B;1;590;3
C;28;815;3
A;19;401;2
A;0;378;2
C;10;950;3
A;5;401;2
B;16;906;1
C;1;37;3
B;28;534;1
A;11;154;2
B;17;368;1
C;4;731;3
B;5;942;3
A;17;337;2
C;25;199;3
B;2;401;3
C;0;169;3
C;9;52;3
B;27;353;1
B;22;268;1
B;8;200;3
C;25;110;3
A;5;883;2
B;15;340;1
A;2;72;3
A;7;523;2
A;1;483;2
B;17;74;1
B;23;337;1
B;8;963;3
A;10;302;2
C;16;684;3
A;18;882;2
B;5;126;3
A;7;638;2
C;14;340;3
A;21;368;2
A;23;336;2
B;25;145;1
B;10;310;1
B;25;937;1
C;27;498;3
B;3;357;3
C;20;659;3
C;3;757;3
B;26;823;1
B;0;829;3
A;15;53;2
C;28;273;3
B;22;579;1
A;11;785;2
C;18;862;3
A;25;204;2
A;13;401;2
A;11;770;2
C;12;398;3
A;5;591;2
A;16;273;2
B;0;447;3
C;18;934;3
C;26;532;3
C;3;668;3
A;15;233;2
C;2;208;3
C;19;994;3
A;6;616;2
B;23;539;1
C;12;815;3
A;15;727;2
C;19;688;3
A;12;114;2
C;14;6;3
A;26;822;2
C;9;191;3
A;10;184;2
A;1;687;2
A;30;821;2
C;18;48;3
C;0;788;3
C;29;821;3
A;23;779;2
A;9;130;2
C;26;675;3
A;3;513;2
A;19;683;2
A;8;841;2
A;15;850;2
A;3;83;2
A;10;477;2
B;22;753;1
C;22;756;3
C;17;705;3
C;1;437;3
B;23;680;1
B;4;100;3
B;4;329;3
C;8;85;3
C;30;971;3
B;2;901;3
B;28;601;1
A;26;761;2
A;6;95;3
A;26;6;3
C;17;918;3
A;28;177;2
C;11;125;3
B;12;713;1
C;23;553;3
A;20;455;2
C;0;309;3
A;3;563;2
B;18;62;1
B;19;480;1
C;8;583;3
C;29;229;3
C;4;644;3
C;9;756;3
A;17;683;2
B;4;337;3
A;20;562;2
B;15;320;1
B;28;935;1
A;20;802;2
A;25;472;2
C;9;617;3
B;15;117;1
C;0;643;3
C;21;26;3
A;6;87;3
B;21;392;1
A;5;535;2
B;19;286;1
B;25;524;1
A;22;832;2
C;21;502;3
A;2;627;2
C;23;621;3
A;24;434;2
A;24;489;2
C;16;173;3
B;8;243;3
C;25;502;3
A;22;112;2
B;28;387;1
B;0;822;3
B;9;982;3
B;19;605;1
A;5;958;2
A;11;465;2
B;30;526;1
C;15;812;3
B;24;594;1
B;30;166;1
B;19;76;1
B;23;807;1
C;15;556;3
B;3;172;3
B;27;27;1
A;8;866;2
C;21;929;3
C;19;885;3
A;25;173;2
C;9;966;3
B;27;24;1
B;8;420;3
A;21;362;2
B;13;354;1
C;0;257;3
B;28;486;1
A;11;729;2
C;2;466;3
C;22;271;3
C;7;964;3
C;1;65;3
B;12;778;1
B;11;351;1
A;27;283;2
C;25;264;3
A;27;39;2
B;25;571;1
B;10;329;1
C;5;594;3
C;6;607;3
B;12;454;1
B;13;394;1
A;19;915;2
C;20;198;3
B;19;264;1
B;14;363;1
B;19;1;2
B;27;762;1
A;29;85;2
C;16;715;3
A;15;806;2
C;16;317;3
B;10;229;1
A;25;444;2
A;18;57;3
A;16;707;2
B;25;708;1
A;13;284;2
A;5;631;2
A;15;668;2
C;22;503;3
A;26;958;2
C;9;165;3
A;14;205;2
C;2;796;3
A;27;142;2
A;19;446;2
A;11;211;2
C;17;804;3
C;20;911;3
C;2;217;3
A;20;697;2
C;1;599;3
A;6;82;3
A;0;604;2
A;9;87;2
A;15;71;2
A;19;658;2
B;19;502;1
C;10;177;3
A;5;763;2
A;28;730;2
C;5;438;3
C;25;985;3
A;18;276;2
B;27;115;1
A;1;786;2
C;12;684;3
A;17;500;2
B;23;428;1
A;5;831;2
C;22;137;3
C;13;279;3
A;11;841;2
B;22;287;1
B;13;931;1
A;27;326;2
A;24;135;2
A;30;56;3
C;20;996;3
B;10;628;1
C;16;686;3
B;30;217;1
B;18;349;1
A;10;742;2
C;2;231;3
A;9;394;2
B;17;575;1
A;19;833;2
C;16;675;3
C;4;916;3
A;24;360;2
B;0;176;3
B;15;324;1
B;20;40;1
B;8;110;3
C;16;335;3
B;14;707;1
B;3;204;3
A;8;642;2
C;1;396;3
A;14;600;2
B;6;594;3
B;1;66;3
A;8;565;2
C;13;460;3
A;28;675;2
C;13;616;3
C;16;891;3
B;15;52;1
B;3;570;3
A;18;361;2
A;10;738;2
B;27;221;1
A;7;107;2
C;30;514;3
C;18;227;3
B;26;717;1
A;26;689;2
B;18;386;1
A;9;288;2
C;20;719;3
A;15;254;2
A;14;755;2
A;8;902;2
C;23;519;3
B;16;996;1
C;4;318;3
B;11;176;1
C;25;40;3
A;21;176;2
B;29;941;1
A;7;372;2
A;9;342;2
B;17;321;1
B;14;327;1
A;28;445;2
B;27;421;1
B;26;152;1
B;19;397;1
B;10;65;1
B;25;400;1
C;13;682;3
C;10;61;3
A;29;306;2
A;14;334;2
A;15;973;2
A;29;767;2
B;29;697;1
A;4;692;2
B;5;214;3
B;15;437;1
B;29;52;1
B;11;441;1
B;0;824;3
A;16;648;2
B;25;205;1
B;23;64;1
C;12;813;3
B;27;339;1
B;2;352;3
B;18;588;1
B;1;245;3
C;4;364;3
C;16;514;3
A;17;61;2
B;26;692;1
B;27;903;1
B;30;324;1
A;8;910;2
C;12;616;3
B;29;960;1
C;7;666;3
B;22;849;1
A;23;266;2
C;0;821;3
B;16;853;1
B;13;604;1
C;14;421;3
B;8;207;3
C;7;466;3
C;11;776;3
B;4;336;3
B;26;882;1
B;13;19;1
A;19;145;2
C;16;943;3
B;8;830;3
B;7;393;3
A;4;220;2
C;8;550;3
C;29;477;3
A;19;888;2
C;25;232;3
A;28;597;2
B;9;577;3
A;18;330;2
B;6;769;3
C;22;296;3
C;4;429;3
B;11;763;1
B;12;556;1
B;16;918;1
A;30;651;2
B;4;57;3
A;9;936;2
B;11;989;1
B;12;208;1
B;4;162;3
A;0;306;2
B;13;596;1
C;19;98;3
B;26;883;1
C;3;41;3
B;15;106;1
A;9;545;2
A;21;137;2
B;23;813;1
A;1;192;2
B;21;634;1
B;16;105;1
C;25;768;3
C;18;250;3
C;15;761;3
B;5;506;3
C;15;47;3
C;11;582;3
B;27;424;1
C;8;424;3
B;2;6;3
C;9;58;3
B;17;610;1
A;25;169;2
C;17;406;3
C;15;258;3
B;2;168;3
B;0;959;3
B;0;969;3
A;7;66;2
B;1;854;3
B;0;161;3
A;18;722;2
C;2;197;3
C;3;433;3
B;15;697;1
A;18;589;2
C;29;974;3
A;16;687;2
C;9;67;3
A;22;390;2
B;28;190;1
C;25;967;3
B;12;704;1
B;17;946;1
A;21;157;2
C;16;981;3
B;9;119;3
C;23;851;3
C;12;721;3
C;2;743;3
B;16;752;1
A;23;794;2
A;14;448;2
A;13;867;2
A;25;273;2
B;5;835;3
C;6;106;3
C;5;71;3
C;26;821;3
C;13;850;3
B;12;502;1
A;13;286;2
A;20;779;2
B;29;764;1
B;28;714;1
C;9;54;3
A;11;722;2
A;7;586;2
C;28;7;3
A;26;105;2
C;2;421;3
C;8;972;3
B;15;21;1
B;29;267;1
A;6;91;3
C;18;789;3
A;5;616;2
C;22;544;3
C;29;542;3
B;19;986;1
C;25;982;3
A;1;148;2
C;5;719;3
B;23;450;1
B;0;346;3
A;0;864;2
B;30;163;1
A;24;675;2
B;19;85;1
C;1;113;3
C;22;273;3
B;18;577;1
A;3;382;2
C;1;523;3
B;18;608;1
A;16;399;2
A;30;848;2
B;13;942;1
C;13;326;3
A;4;692;2
C;10;272;3
C;24;39;3
B;11;677;1
B;12;140;1
A;7;102;2
C;21;730;3
B;4;991;3
C;14;160;3
C;25;959;3
A;19;587;2
B;21;131;1
C;26;101;3
C;12;930;3
A;1;117;2
C;4;151;3
A;26;85;3
B;23;459;1
C;5;912;3
B;15;971;1
B;22;895;1
C;30;237;3
B;18;789;1
B;22;570;1
A;9;484;2
C;5;494;3
A;5;69;2
B;6;434;3
C;25;720;3
B;4;536;3
A;27;146;2
C;10;815;3
B;5;247;3
C;5;862;3
A;15;375;2
C;0;598;3
C;15;862;3
C;10;816;3
B;26;728;1
B;0;502;3
B;19;670;1
B;28;772;1
B;5;902;3
B;23;816;1
A;16;937;2
C;2;534;3
B;1;344;3
B;8;89;3
C;4;800;3
C;29;572;3
C;4;360;3
B;29;904;1
C;26;59;3
C;13;893;3
B;20;59;1
B;13;896;1
C;21;191;3
C;3;900;3
B;25;389;1
A;17;101;2
B;14;238;1
A;19;276;2
A;0;386;2
B;0;617;3
C;13;578;3
C;12;739;3
A;22;237;2
A;5;372;2
B;12;532;1
A;11;647;2
B;21;346;1
C;29;907;3
B;28;316;1
B;10;105;1
B;13;757;1
A;29;190;2
B;15;588;1
C;0;468;3
B;9;909;3
B;19;755;1
B;13;468;1
C;20;711;3
B;16;662;1
A;21;765;2
C;30;932;3
A;21;134;2
A;12;489;2
C;24;710;3
B;29;681;1
A;7;175;2
C;27;358;3
C;12;915;3
C;24;55;3
C;24;506;3
A;9;866;2
C;5;181;3
A;15;241;2
B;27;975;1
C;1;797;3
C;18;777;3
A;1;818;2
B;15;865;1
B;11;505;1
B;19;901;1
B;14;850;1
A;14;592;2
A;7;303;2
C;7;640;3
B;4;256;3
A;5;386;2
A;9;820;2
A;21;875;2
A;10;738;2
A;8;970;2
B;2;776;3
B;27;865;1
C;3;852;3
C;28;266;3
A;12;633;2
A;24;785;2
B;16;793;1
B;24;336;1
A;6;350;2
C;13;159;3
B;7;317;3
B;22;756;1
A;0;315;2
C;14;479;3
B;13;816;1
C;19;589;3
A;8;245;2
C;8;679;3
B;22;46;1
C;14;302;3
B;6;217;3
B;19;300;1
A;4;528;2
A;26;790;2
C;13;524;3
C;30;386;3
A;18;537;2
B;21;181;1
B;9;812;3
B;18;167;1
A;14;936;2
B;27;681;1
C;5;274;3
B;7;157;3
C;4;456;3
B;17;427;1
A;2;463;2
B;23;239;1
A;26;444;2
B;19;688;1
B;12;972;1
B;18;150;1
A;24;519;2
A;26;658;2
C;4;460;3
A;16;454;2
C;23;304;3
A;4;124;2
A;1;750;2
A;27;131;2
A;19;764;2
C;20;93;3
A;12;290;2
B;18;280;1
B;30;189;1
A;11;227;2
B;13;186;1
B;10;191;1
A;11;249;2
C;28;931;3
A;28;124;2
A;4;56;3
C;20;659;3
C;25;100;3
C;9;737;3
A;27;752;2
B;30;567;1
C;3;611;3
C;2;213;3
C;3;759;3
C;7;500;3
C;14;603;3
A;18;938;2
A;2;614;2
C;30;887;3
C;11;100;3
C;9;623;3
B;4;791;3
A;21;186;2
B;27;292;1
A;16;764;2
B;8;95;3
A;30;991;2
C;16;93;3
B;16;752;1
A;15;539;2
C;7;874;3
B;19;965;1
A;28;178;2
C;29;788;3
A;25;889;2
A;6;901;2
C;0;254;3
B;24;873;1
B;20;501;1
A;22;834;2
B;19;230;1
C;23;50;3
A;8;84;3
A;20;172;2
B;2;450;3
A;12;336;2
C;17;557;3
B;22;841;1
B;21;189;1
A;5;978;2
B;22;653;1
B;7;390;3
B;9;994;3
A;4;518;2
B;25;165;1
A;12;219;2
C;6;882;3
A;11;645;2
A;1;45;2
A;6;162;2
A;10;20;3
C;12;7;3
A;25;975;2
C;13;606;3
B;22;838;1
A;7;602;2
B;8;611;3
C;9;803;3
B;25;539;1
B;29;637;1
A;22;355;2
C;8;265;3
C;11;656;3
B;9;829;3
A;8;180;2
A;18;319;2
C;21;831;3
B;12;64;1
C;14;174;3
A;4;173;2
B;1;176;3
A;21;956;2
A;11;467;2
C;30;997;3
B;13;616;1
B;24;594;1
C;9;252;3
A;1;67;2
C;24;743;3
B;29;720;1
A;17;249;2
C;8;852;3
B;8;786;3
A;10;53;3
A;11;350;2
C;5;885;3
C;8;362;3
A;10;839;2
A;10;134;2
B;19;622;1
C;26;157;3
A;11;539;2
A;24;47;3
C;16;982;3
A;30;339;2
A;17;675;2
C;5;969;3
C;27;89;3
B;28;890;1
B;12;789;1
C;9;421;3
A;25;922;2
C;19;996;3
A;16;332;2
B;21;241;1
A;7;182;2
C;29;134;3
B;26;838;1
B;22;213;1
B;15;300;1
A;3;319;2
B;7;674;3
C;5;795;3
C;16;905;3
C;15;685;3
C;15;721;3
A;22;849;2
C;6;722;3
C;30;527;3
A;29;301;2
C;1;819;3
C;21;988;3
B;9;396;3
B;10;79;1
A;1;739;2
B;7;493;3
C;17;182;3
A;5;430;2
B;19;882;1
A;5;978;2
C;5;356;3
A;29;699;2
A;16;145;2
A;25;260;2
B;21;730;1
C;2;488;3
B;6;251;3
B;17;890;1
A;9;340;2
B;27;338;1
A;0;771;2
A;13;969;2
A;8;42;3
B;21;434;1
A;24;1;3
A;7;615;2
C;6;728;3
B;2;560;3
C;3;415;3
C;29;30;3
A;0;298;2
B;21;165;1
C;17;334;3
C;7;533;3
C;29;189;3
A;30;949;2
C;22;683;3
C;24;436;3
C;26;939;3
A;5;793;2
B;26;491;1
C;22;639;3
C;19;120;3
A;10;144;2
A;4;14;3
C;19;950;3
B;21;619;1
C;10;736;3
A;15;377;2
A;25;338;2
A;2;447;2
C;1;294;3
C;2;432;3
B;30;624;1
C;22;926;3
B;10;802;1
B;13;375;1
A;2;311;2
C;11;414;3
C;22;541;3
A;3;657;2
C;20;401;3
B;14;594;1
A;24;627;2
C;22;32;3
A;22;890;2
B;15;597;1
B;4;242;3
B;11;238;1
A;6;822;2
B;7;173;3
A;28;851;2
C;27;250;3
B;28;937;1
C;1;308;3
A;27;309;2
C;1;831;3
A;10;987;2
B;14;553;1
B;24;44;1
B;26;220;1
A;21;647;2
B;20;957;1
C;17;38;3
C;4;735;3
B;11;225;1
B;3;429;3
C;10;191;3
C;18;99;3
C;14;280;3
A;17;450;2
C;26;6;3
C;29;30;3
C;10;304;3
B;7;365;3
A;6;304;2
A;29;189;2
B;27;121;1
A;12;867;2
A;9;422;2
A;23;794;2
A;9;466;2
B;9;249;3
A;7;89;2
B;1;170;3
B;10;615;1
B;3;971;3
A;5;281;2
B;18;264;1
C;5;711;3
C;25;851;3
C;5;923;3
B;4;239;3
C;9;647;3
C;0;50;3
A;18;773;2
C;15;455;3
A;4;774;2
A;6;757;2
A;15;504;2
B;28;346;1
C;5;563;3
B;24;348;1
B;13;721;1
C;26;957;3
A;13;562;2
A;10;835;2
A;13;847;2
C;26;237;3
C;17;203;3
B;10;710;1
C;3;983;3
B;6;273;3
A;28;727;2
C;15;781;3
B;25;460;1
C;28;659;3
C;30;648;3
C;5;972;3
A;13;289;2
B;25;225;1
B;23;636;1
A;19;729;2
A;6;997;2
C;0;80;3
A;19;436;2
B;17;460;1
B;6;51;3
C;14;777;3
C;21;930;3
B;22;348;1
B;12;469;1
B;6;245;3
B;0;387;3
B;10;32;1
A;4;351;2
A;6;799;2
A;6;288;2
B;21;5;2
A;15;560;2
B;8;269;3
B;12;274;1
B;19;923;1
A;30;314;2
A;11;837;2
A;23;91;2
B;18;294;1
B;4;927;3
C;10;280;3
A;29;82;2
B;6;607;3
B;11;319;1
C;24;107;3
B;19;29;1
A;13;879;2
C;0;770;3
B;16;587;1
A;26;430;2
A;3;157;2
B;15;893;1
A;27;237;2
B;15;270;1
C;4;79;3
C;1;68;3
B;1;273;3
A;25;512;2
A;12;871;2
C;22;841;3
B;10;956;1
C;20;80;3
A;0;104;2
B;18;97;1
C;3;67;3
B;2;457;3
B;24;301;1
A;13;322;2
A;27;399;2
A;29;623;2
C;30;49;3
A;9;121;2
B;1;23;3
B;29;830;1
C;11;236;3
C;17;995;3
C;24;585;3
B;17;116;1
B;6;949;3
C;24;703;3
A;22;321;2
C;28;634;3
C;2;189;3
A;10;614;2
A;10;831;2
A;9;760;2
C;25;596;3
A;26;322;2
A;9;670;2
A;12;540;2
C;30;884;3
A;7;649;2
B;14;73;1
B;21;661;1
C;6;558;3
B;15;331;1
A;16;446;2
C;16;258;3
B;11;476;1
B;27;105;1
C;30;222;3
A;24;659;2
B;18;139;1
B;21;423;1
B;9;757;3
C;5;424;3
B;19;22;1
C;28;160;3
C;25;941;3
B;9;625;3
B;10;172;1
A;9;125;2
A;24;735;2
A;21;668;2
B;1;348;3
B;15;474;1
C;10;792;3
C;26;27;3
C;21;499;3
C;30;87;3
C;4;211;3
C;17;162;3
C;19;167;3
A;16;7;3
B;22;291;1
C;1;862;3
B;20;860;1
B;18;72;1
C;27;883;3
C;24;495;3
B;13;237;1
C;4;880;3
C;11;557;3
C;22;704;3
B;26;270;1
A;6;213;2
C;9;75;3
A;13;138;2
A;6;830;2
B;27;485;1
B;19;694;1
B;18;611;1
A;1;932;2
A;5;41;2
A;19;157;2
B;11;105;1
B;10;561;1
B;27;125;1
C;10;308;3
C;26;677;3
A;4;155;2
A;15;581;2
A;3;489;2
A;25;736;2
C;25;409;3
A;14;708;2
B;11;786;1
A;12;155;2
B;23;578;1
A;18;754;2
B;12;191;1
C;27;908;3
A;20;297;2
C;1;407;3
B;26;908;1
B;28;381;1
C;5;221;3
B;15;710;1
A;13;811;2
A;3;261;2
C;9;607;3
A;11;933;2
C;28;9;3
A;29;143;2
A;14;44;3
C;26;340;3
B;11;635;1
B;14;811;1
A;23;737;2
C;6;186;3
B;21;480;1
C;3;261;3
C;12;83;3
A;10;116;2
A;21;269;2
C;22;442;3
B;4;314;3
A;21;424;2
B;9;621;3
A;29;349;2
C;27;357;3
A;13;457;2
C;10;540;3
B;5;238;3
A;26;542;2
A;0;288;2
C;13;222;3
B;23;84;1
B;5;217;3
C;10;248;3
B;14;269;1
B;1;714;3
A;9;624;2
C;0;228;3
C;11;212;3
C;1;325;3
B;17;206;1
A;12;311;2
C;19;592;3
C;26;89;3
A;17;710;2
C;14;770;3
B;14;157;1
B;3;911;3
C;5;93;3
C;27;526;3
B;29;753;1
B;6;522;3
A;2;307;2
A;5;615;2
C;8;369;3
A;14;648;2
B;4;785;3
A;1;89;2
B;0;218;3
B;25;139;1
C;30;872;3
C;5;542;3
B;15;34;1
B;3;667;3
C;17;153;3
B;28;461;1
A;13;117;2
C;27;732;3
A;23;403;2
A;4;735;2
C;26;645;3
C;9;454;3
A;24;710;2
B;8;576;3
B;18;967;1
C;1;833;3
C;8;972;3
B;9;833;3
C;12;811;3
A;22;131;2
B;29;945;1
B;27;493;1
B;30;604;1
A;5;995;2
C;13;868;3
B;9;460;3
A;24;597;2
B;28;503;1
A;1;151;2
A;15;309;2
A;0;536;2
B;19;637;1
B;23;627;1
A;18;667;2
B;0;506;3
C;28;917;3
B;22;272;1
B;8;478;3
B;17;963;1
B;13;15;1
B;22;37;1
A;0;821;2
B;30;44;1
A;29;486;2
B;28;340;1
C;1;708;3
B;17;848;1
A;27;964;2
A;3;172;2
B;21;584;1
B;13;98;1
B;29;21;1
A;30;148;2
C;29;656;3
C;12;390;3
C;18;788;3
B;24;764;1
B;5;217;3
C;10;408;3
A;23;446;2
C;10;452;3
A;27;766;2
C;9;6;3
B;8;867;3
C;1;519;3
B;1;659;3
A;25;444;2
B;8;358;3
A;30;39;3
B;8;383;3
B;27;895;1
B;28;395;1
B;28;936;1
C;2;473;3
B;6;688;3
B;17;530;1
B;23;863;1
B;19;249;1
B;18;279;1
C;4;239;3
C;26;46;3
B;15;220;1
C;26;188;3
C;11;555;3
B;18;369;1
B;4;459;3
B;1;184;3
A;1;160;2
A;15;947;2
C;9;32;3
B;5;41;3
C;5;41;3
B;7;486;3
B;3;580;3
B;17;589;1
A;27;694;2
C;25;949;3
B;29;52;1
C;28;886;3
A;17;515;2
B;28;583;1
C;4;34;3
A;15;934;2
A;17;542;2
B;13;834;1
A;14;923;2
B;27;681;1
B;15;258;1
B;27;527;1
A;30;515;2
B;26;697;1
C;26;529;3
A;9;358;2
B;3;180;3
A;7;242;2
B;28;755;1
B;20;986;1
A;16;249;2
C;15;177;3
B;16;755;1
B;22;881;1
A;10;10;3
A;29;671;2
A;16;872;2
C;16;61;3
A;11;87;2
B;21;690;1
A;23;558;2
A;8;371;2
B;8;258;3
A;14;293;2
B;12;902;1
B;23;603;1
C;25;184;3
B;25;458;1
A;20;641;2
C;11;512;3
B;16;620;1
B;2;801;3
B;22;862;1
B;15;933;1
A;4;564;2
C;4;163;3
A;26;247;2
B;0;772;3
B;22;408;1
B;1;902;3
C;27;486;3
C;7;612;3
C;25;472;3
B;29;691;1
C;13;141;3
A;12;619;2
A;22;427;2
B;24;40;1
A;5;889;2
C;16;365;3
C;10;859;3
C;14;325;3
C;18;914;3
B;7;192;3
B;29;109;1
C;10;107;3
B;27;451;1
A;5;679;2
B;6;246;3
B;19;906;1
C;18;261;3
B;9;653;3
B;16;49;1
B;18;427;1
B;8;972;3
B;1;211;3
C;23;590;3
B;26;227;1
B;6;598;3
C;21;166;3
A;8;116;2
A;19;355;2
B;22;879;1
A;2;564;2
B;12;374;1
B;30;523;1
C;14;537;3
B;7;537;3
A;27;474;2
B;30;553;1
A;24;153;2
C;28;684;3
A;15;680;2
C;17;6;3
B;3;340;3
B;13;281;1
B;5;723;3
B;25;651;1
B;17;736;1
A;11;711;2
A;10;455;2
C;29;377;3
C;23;273;3
C;17;21;3
A;8;52;3
B;29;606;1
A;16;110;2
B;5;328;3
C;25;1000;3
C;4;498;3
A;25;848;2
C;4;482;3
C;17;305;3
A;30;994;2
B;1;702;3
C;7;186;3
A;4;118;2
C;20;21;3
B;15;365;1
B;9;617;3
B;30;622;1
B;18;440;1
B;8;952;3
C;4;688;3
C;13;300;3
A;4;413;2
A;7;617;2
B;23;863;1
B;4;799;3
C;3;867;3
C;19;350;3
B;10;741;1
B;9;465;3
C;4;411;3
B;4;268;3
C;25;337;3
C;25;908;3
A;4;587;2
C;9;286;3
A;14;291;2
A;10;340;2
C;12;942;3
B;7;693;3
A;9;892;2
A;12;314;2
B;12;853;1
A;26;650;2
B;23;712;1
B;29;136;1
A;17;675;2
B;26;590;1
A;3;404;2
C;17;393;3
A;14;3;3
A;9;794;2
B;23;557;1
B;0;200;3
C;30;935;3
A;13;694;2
C;24;845;3
B;26;923;1
A;27;971;2
C;29;548;3
A;30;856;2
C;20;279;3
C;1;163;3
A;17;99;2
A;25;745;2
A;3;687;2
C;25;727;3
A;27;609;2
C;6;486;3
C;5;235;3
A;18;713;2
A;23;130;2
A;24;577;2
C;14;617;3
A;10;162;2
C;20;129;3
A;5;710;2
A;22;523;2
A;2;343;2
B;5;33;3
B;27;623;1
A;23;0;2
C;1;927;3
A;18;102;2
C;28;12;3
B;19;852;1
A;7;769;2
A;19;612;2
B;27;513;1
B;26;857;1
C;10;173;3
C;3;742;3
B;30;761;1
A;11;545;2
C;21;299;3
B;13;209;1
B;10;78;1
C;13;220;3
A;27;651;2
A;9;465;2
C;2;173;3
A;22;791;2
A;12;871;2
B;29;183;1
A;16;710;2
A;2;243;2
B;23;36;1
A;0;939;2
A;11;790;2
B;18;89;1
A;26;120;2
B;13;855;1
A;28;625;2
B;8;335;3
B;27;919;1
B;6;321;3
C;0;816;3
C;14;224;3
C;8;590;3
A;15;805;2
C;12;461;3
C;16;728;3
C;17;656;3
B;3;149;3
A;8;556;2
A;24;814;2
B;27;654;1
C;3;331;3
A;11;806;2
A;27;738;2
C;0;42;3
B;0;919;3
C;28;599;3
B;23;435;1
C;10;726;3
B;30;598;1
C;12;185;3
B;4;567;3
B;19;701;1
A;1;531;2
C;4;646;3
C;22;23;3
B;11;651;1
C;3;782;3
C;11;294;3
C;14;231;3
C;20;927;3
A;14;52;3
C;12;138;3
B;5;708;3
A;0;712;2
C;17;230;3
B;28;896;1
B;7;703;3
C;15;172;3
C;10;926;3
C;20;411;3
A;11;441;2
A;15;991;2
A;14;429;2
B;20;129;1
A;12;508;2
B;2;109;3
B;27;56;1
A;10;968;2
B;29;285;1
A;8;925;2
C;2;547;3
A;25;834;2
C;23;520;3
B;13;976;1
A;24;792;2
A;14;934;2
A;17;388;2
B;9;99;3
C;10;221;3
B;28;418;1
B;17;48;1
B;0;382;3
B;19;574;1
B;19;663;1
C;23;444;3
C;14;584;3
A;15;277;2
B;17;229;1
B;23;974;1
A;24;173;2
A;10;713;2
B;9;890;3
B;15;35;1
C;26;516;3
C;19;827;3
B;6;112;3
A;8;742;2
A;9;543;2
C;16;349;3
B;24;238;1
B;6;133;3
A;1;668;2
C;6;635;3
C;16;980;3
B;15;555;1
B;29;70;1
C;6;607;3
A;26;840;2
B;28;678;1
C;27;834;3
B;2;429;3
C;19;960;3
B;29;561;1
C;21;556;3
A;18;598;2
B;8;658;3
A;8;267;2
C;11;765;3
A;29;715;2
B;13;825;1
C;8;75;3
A;25;833;2
B;21;619;1
C;29;854;3
A;20;697;2
B;23;440;1
C;23;361;3
C;21;35;3
B;18;539;1
C;14;977;3
A;10;348;2
A;9;215;2
B;16;795;1
C;22;168;3
A;8;772;2
B;12;27;1
A;15;855;2
B;11;255;1
A;18;870;2
C;8;680;3
A;27;57;2
B;13;836;1
A;2;307;2
A;7;960;2
B;27;591;1
C;0;321;3
B;19;225;1
C;14;675;3
C;28;772;3
B;6;435;3
A;3;116;2
C;4;568;3
C;27;473;3
C;5;420;3
B;3;590;3
A;5;483;2
A;17;587;2
B;4;969;3
B;14;948;1
A;2;130;2
C;7;759;3
B;6;367;3
B;29;550;1
B;0;428;3
C;28;130;3
C;7;466;3
A;21;698;2
A;23;508;2
A;0;346;2
B;11;272;1
A;23;172;2
B;1;455;3
C;4;848;3
C;7;352;3
B;4;366;3
A;20;577;2
C;27;421;3
A;3;749;2
C;7;537;3
C;29;594;3
C;6;887;3
A;16;578;2
B;7;4;3
B;24;836;1
B;13;684;1
B;27;309;1
A;27;759;2
A;4;889;2
C;26;794;3
C;25;846;3
B;11;493;1
B;16;356;1
B;12;38;1
A;24;886;2
C;16;909;3
A;23;672;2
A;25;1000;2
A;6;913;2
C;12;167;3
A;15;919;2
B;7;401;3
C;27;505;3
C;28;244;3
A;26;70;3
A;11;415;2
A;19;129;2
A;10;53;3
C;10;856;3
C;7;813;3
C;18;982;3
B;15;616;1
A;26;653;2
B;29;174;1
C;8;930;3
A;15;149;2
A;14;207;2
B;20;974;1
A;0;964;2
C;20;289;3
A;2;867;2
A;13;307;2
B;9;144;3
C;25;739;3
C;0;448;3
A;29;416;2
A;23;103;2
C;1;348;3
B;6;696;3
A;25;531;2
C;28;106;3
A;24;612;2
B;15;832;1
A;16;459;2
A;6;876;2
B;15;254;1
A;3;976;2
B;0;10;3
C;2;551;3
B;26;645;1
A;5;128;2
A;4;338;2
B;12;778;1
C;29;390;3
A;21;479;2
B;14;240;1
C;20;148;3
C;27;294;3
B;15;721;1
C;2;856;3
C;7;328;3
C;14;145;3
B;3;97;3
C;6;9;3
B;9;827;3
A;8;303;2
C;28;850;3
B;24;248;1
A;1;739;2
A;17;542;2
C;10;677;3
A;28;159;2
B;7;341;3
C;6;327;3
A;22;186;2
A;27;271;2
C;7;274;3
B;26;809;1
A;13;886;2
C;1;353;3
A;5;758;2
B;22;707;1
C;24;509;3
A;22;498;2
A;6;194;2
B;3;255;3
C;15;286;3
C;17;647;3
A;19;428;2
A;28;677;2
C;6;824;3
C;14;978;3
B;9;879;3
A;15;209;2
B;21;430;1
A;12;222;2
A;30;254;2
B;25;758;1
C;25;30;3
B;6;805;3
C;17;851;3
B;17;852;1
B;19;659;1
C;24;641;3
B;14;244;1
B;23;946;1
C;9;579;3
C;4;972;3
A;19;998;2
B;6;873;3
C;28;653;3
A;18;305;2
C;12;148;3
C;18;961;3
A;3;337;2
B;9;261;3
B;13;325;1
C;16;749;3
A;3;698;2
B;7;511;3
C;11;51;3
C;23;875;3
B;13;859;1
A;23;594;2
C;20;906;3
B;0;516;3
B;23;611;1
B;17;434;1
B;10;884;1
A;24;6;3
C;14;440;3
B;22;63;1
B;20;109;1
A;2;178;2
C;17;219;3
B;4;220;3
A;11;753;2
C;19;359;3
A;22;701;2
C;3;53;3
C;22;926;3
C;5;476;3
B;28;229;1
C;11;482;3
A;8;772;2
B;21;645;1
A;24;248;2
A;8;649;2
C;21;50;3
A;18;746;2
B;19;760;1
A;16;84;3
A;17;47;2
A;9;221;2
C;8;962;3
A;27;348;2
B;20;612;1
C;15;824;3
A;30;41;3
B;7;117;3
B;30;327;1
C;11;514;3
A;15;338;2
B;18;140;1
A;20;518;2
C;1;480;3
B;6;375;3
C;15;548;3
B;7;516;3
B;6;491;3
C;7;21;3
C;1;511;3
B;3;388;3
A;15;287;2
B;19;119;1
A;4;502;2
A;25;111;2
A;25;568;2
C;27;848;3
C;30;941;3
B;4;207;3
B;10;340;1
C;25;37;3
B;29;195;1
A;4;186;2
C;4;122;3
A;17;428;2
A;17;371;2
A;18;562;2
C;3;85;3
A;22;291;2
A;13;16;2
A;11;486;2
C;24;966;3
B;0;23;3
B;16;47;1
B;18;751;1
C;6;180;3
B;17;320;1
C;13;738;3
C;18;389;3
B;22;393;1
B;4;718;3
B;9;508;3
C;17;298;3
C;21;761;3
B;20;931;1
B;2;845;3
C;11;964;3
B;21;974;1
A;21;275;2
A;22;305;2
C;20;535;3
B;24;669;1
A;13;755;2
A;5;770;2
A;29;421;2
A;12;577;2
B;8;101;3
C;17;761;3
C;28;70;3
B;22;70;1
B;10;996;1
A;23;708;2
B;23;967;1
B;17;1;2
B;0;607;3
C;23;911;3
C;27;75;3
B;18;727;1
C;2;418;3
B;2;915;3
C;15;977;3
B;13;450;1
C;10;766;3
B;6;183;3
C;26;936;3
A;25;770;2
B;27;540;1
C;0;413;3
C;9;633;3
B;10;642;1
B;13;425;1
C;5;279;3
C;20;42;3
A;18;559;2
C;12;495;3
C;11;969;3
B;30;451;1
B;10;577;1
C;3;13;3
C;1;610;3
A;25;918;2
A;26;864;2
A;10;93;3
C;10;663;3
C;4;417;3
A;28;1;3
A;27;679;2
B;0;477;3
A;12;856;2
C;14;488;3
B;19;174;1
B;29;449;1
A;1;96;2
C;14;346;3
A;11;329;2
C;30;242;3
A;6;692;2
A;6;333;2
B;0;630;3
A;29;564;2
A;22;208;2
B;3;791;3
B;21;138;1
C;11;190;3
C;29;921;3
C;23;511;3
B;16;802;1
A;26;766;2
C;11;158;3
B;24;561;1
A;5;241;2
B;9;843;3
A;7;44;2
B;6;39;3
B;30;83;1
B;9;439;3
A;9;464;2
A;28;198;2
C;2;921;3
A;8;149;2
C;20;688;3
A;6;867;2
C;15;282;3
C;9;442;3
A;18;572;2
B;3;393;3
A;29;975;2
A;3;369;2
C;8;971;3
B;1;700;3
C;5;890;3
B;17;30;1
C;30;803;3
C;3;411;3
A;22;69;3
C;8;757;3
C;4;852;3
A;20;542;2
B;10;942;1
A;9;200;2
C;11;338;3
A;11;81;2
C;29;855;3
B;7;590;3
B;25;113;1
B;27;155;1
A;25;627;2
A;19;928;2
C;21;961;3
B;18;213;1
A;0;193;2
B;17;744;1
C;3;831;3
A;10;850;2
A;21;674;2
C;28;83;3
A;27;582;2
B;14;869;1
A;26;470;2
A;0;674;2
A;18;438;2
A;21;104;2
A;13;178;2
A;14;752;2
C;19;744;3
B;7;342;3
C;16;364;3
B;3;322;3
B;7;756;3
C;16;956;3
B;8;954;3
A;25;9;2
B;20;150;1
B;0;518;3
C;30;592;3
C;7;196;3
C;25;879;3
C;2;391;3
B;26;228;1
B;18;639;1
B;4;785;3
A;14;769;2
A;28;356;2
C;20;287;3
B;17;261;1
B;25;808;1
C;15;899;3
C;24;963;3
A;13;388;2
B;7;839;3
C;6;270;3
B;24;733;1
A;21;716;2
A;10;516;2
B;3;483;3
A;8;303;2
A;15;912;2
A;16;705;2
A;28;723;2
A;6;96;3
C;28;28;3
C;0;206;3
A;28;362;2
A;1;717;2
B;11;613;1
C;3;924;3
C;30;292;3
B;9;345;3
B;30;505;1
C;14;181;3
C;30;418;3
C;24;882;3
A;16;161;2
C;16;308;3
C;12;701;3
B;16;344;1
B;7;375;3
A;0;435;2
A;1;992;2
C;0;818;3
C;11;304;3
B;19;447;1
A;11;907;2
C;15;77;3
A;8;696;2
C;23;634;3
B;10;451;1
A;23;461;2
B;12;648;1
C;30;690;3
A;30;928;2
A;11;673;2
A;14;873;2
C;24;683;3
C;22;464;3
A;22;873;2
C;18;866;3
B;24;811;1
C;2;785;3
B;30;526;1
B;13;21;1
B;1;114;3
B;30;462;1
C;13;607;3
A;10;259;2
C;14;679;3
A;29;763;2
C;20;909;3
A;10;13;3
B;13;431;1
C;27;538;3
B;23;690;1
B;11;724;1
C;30;493;3
B;18;94;1
A;23;632;2
A;11;352;2
A;24;741;2
B;10;833;1
C;0;586;3
C;24;140;3
A;11;226;2
C;29;646;3
C;14;441;3
A;23;301;2
B;26;549;1
C;13;781;3
A;7;817;2
B;25;634;1
A;19;503;2
C;7;543;3
C;24;950;3
B;21;107;1
B;7;781;3
A;21;994;2
B;7;445;3
A;1;453;2
B;19;536;1
C;22;824;3
C;11;311;3
A;19;111;2
B;15;223;1
C;30;683;3
C;25;388;3
A;15;453;2
C;27;112;3
A;15;905;2
C;21;669;3
B;28;512;1
B;5;745;3
C;8;843;3
C;26;745;3
A;18;775;2
C;18;267;3
C;9;799;3
B;3;728;3
C;26;147;3
A;18;755;2
A;25;812;2
C;12;544;3
A;11;765;2
B;23;444;1
B;17;386;1
A;12;514;2
C;5;19;3
B;9;299;3
B;21;776;1
B;27;374;1
A;9;252;2
A;3;342;2
B;4;929;3
C;7;468;3
B;14;236;1
B;11;635;1
B;28;941;1
B;2;936;3
B;22;392;1
C;5;247;3
A;17;388;2
B;9;889;3
B;22;46;1
B;21;533;1
B;2;868;3
A;12;410;2
A;11;154;2
A;25;24;2
C;3;615;3
A;3;953;2
C;4;857;3
A;17;866;2
A;10;231;2
C;29;456;3
A;17;779;2
A;0;94;3
C;12;985;3
A;13;544;2
A;19;551;2
A;22;816;2
A;12;125;2
A;30;378;2
B;21;590;1
A;5;567;2
A;22;303;2
A;28;203;2
A;7;485;2
B;18;88;1
B;30;7;2
C;20;405;3
A;29;489;2
A;22;100;3
A;14;314;2
C;20;397;3
A;30;274;2
A;7;909;2
A;29;682;2
A;3;609;2
B;16;922;1
B;1;499;3
C;30;310;3
B;13;932;1
C;13;200;3
C;5;867;3
A;21;569;2
A;1;537;2
A;2;591;2
C;29;133;3
A;3;360;2
B;11;499;1
A;18;500;2
B;17;279;1
C;17;532;3
A;30;649;2
A;22;799;2
B;9;542;3
A;15;29;2
A;23;690;2
C;14;879;3
B;2;61;3
A;20;209;2
C;0;276;3
B;24;312;1
B;7;648;3
A;5;273;2
A;26;704;2
A;14;54;3
B;4;476;3
B;2;447;3
A;18;773;2
B;17;450;1
C;14;924;3
C;3;526;3
C;11;263;3
A;12;549;2
C;26;12;3
C;26;259;3
C;14;882;3
B;22;570;1
A;20;233;2
A;0;618;2
B;23;757;1
C;10;144;3
A;22;114;2
A;6;428;2
C;30;7;3
B;10;633;1
B;19;880;1
A;7;565;2
A;21;932;2
B;27;335;1
B;23;717;1
C;13;440;3
B;18;418;1
A;20;680;2
C;11;722;3
A;20;821;2
B;13;160;1
A;5;207;2
A;24;276;2
C;13;679;3
C;17;991;3
A;11;369;2
B;14;223;1
C;17;755;3
C;3;107;3
A;0;434;2
C;1;999;3
C;24;543;3
A;24;581;2
B;18;212;1
C;0;281;3
B;6;137;3
A;21;714;2
C;22;504;3
A;24;892;2
C;9;216;3
C;28;618;3
C;28;421;3
C;26;403;3
A;20;337;2
C;19;550;3
C;12;242;3
A;26;866;2
C;24;320;3
B;1;79;3
A;20;498;2
B;23;207;1
C;13;191;3
A;10;793;2
B;6;83;3
C;27;983;3
C;1;703;3
C;9;277;3
A;29;262;2
C;25;403;3
A;16;550;2
B;26;922;1
B;26;468;1
B;25;722;1
B;13;55;1
B;0;376;3
C;17;277;3
C;13;666;3
B;28;504;1
C;28;895;3
B;30;384;1
A;4;639;2
B;4;815;3
C;2;804;3
A;27;124;2
A;28;238;2
B;29;302;1
A;14;14;3
A;19;876;2
C;9;814;3
C;22;895;3
B;13;796;1
B;14;459;1
C;3;477;3
A;4;695;2
A;2;931;2
B;0;887;3
B;18;231;1
A;25;809;2
A;1;153;2
A;19;554;2
B;9;650;3
A;11;215;2
A;19;831;2
A;9;558;2
C;2;66;3
C;26;387;3
B;15;312;1
A;30;256;2
C;30;21;3
A;3;561;2
B;6;891;3
A;0;13;3
A;12;958;2
B;9;720;3
A;20;443;2
B;30;867;1
B;16;88;1
A;13;7;2
A;9;51;2
A;16;727;2
A;11;652;2
A;28;154;2
B;15;576;1
A;21;103;2
A;3;354;2
A;29;304;2
A;4;525;2
A;29;334;2
B;5;398;3
B;9;760;3
B;29;406;1
C;6;171;3
C;19;884;3
C;25;912;3
C;29;537;3
B;11;672;1
B;27;954;1
A;18;747;2
A;11;563;2
B;15;989;1
B;1;386;3
C;13;943;3
C;21;827;3
A;10;308;2
A;5;888;2
A;8;315;2
B;25;961;1
A;30;568;2
B;12;774;1
B;26;425;1
B;30;248;1
B;16;872;1
C;30;628;3
B;27;394;1
C;1;214;3
C;7;655;3
C;15;70;3
B;3;234;3
A;24;469;2
C;2;278;3
C;30;929;3
C;15;379;3
B;21;52;1
B;7;161;3
A;10;906;2
A;1;156;2
C;22;225;3
B;11;934;1
B;12;124;1
C;22;927;3
B;10;244;1
C;9;74;3
C;9;93;3
B;28;300;1
A;12;437;2
C;7;652;3
A;15;22;2
A;24;238;2
C;26;685;3
A;9;280;2
A;28;640;2
B;13;492;1
B;3;639;3
B;20;832;1
B;13;115;1
C;26;394;3
A;16;832;2
A;17;896;2
C;30;481;3
A;24;570;2
A;29;884;2
A;27;842;2
B;13;908;1
A;17;869;2
B;5;557;3
A;18;701;2
C;1;290;3
A;0;653;2
B;3;104;3
A;12;17;3
C;3;251;3
C;8;83;3
A;20;338;2
B;4;588;3
A;24;523;2
B;16;160;1
C;27;371;3
C;12;803;3
C;7;9;3
A;6;560;2
A;16;9;3
A;3;817;2
B;25;402;1
C;25;956;3
B;13;257;1
B;29;80;1
B;0;203;3
A;1;390;2
A;22;268;2
B;4;763;3
C;15;612;3
A;27;833;2
C;13;769;3
A;0;47;3
C;2;624;3
C;1;463;3
B;20;872;1
A;13;402;2
C;10;230;3
B;27;648;1
B;25;23;1
A;14;265;2
A;26;871;2
B;25;173;1
C;17;7;3
B;20;167;1
C;21;831;3
B;22;288;1
B;19;616;1
A;17;307;2
C;13;617;3
C;17;672;3
A;12;493;2
B;8;54;3
C;3;241;3
A;14;977;2
A;6;841;2
C;5;772;3
B;8;950;3
A;25;388;2
B;29;927;1
A;4;377;2
B;27;275;1
A;8;214;2
B;22;487;1
B;14;848;1
A;16;887;2
B;17;517;1
C;23;204;3
B;19;837;1
A;22;12;3
B;13;915;1
A;20;490;2
C;19;8;3
C;5;798;3
B;9;669;3
A;9;634;2
B;12;928;1
B;1;66;3
B;2;586;3
A;1;586;2
B;28;108;1
C;20;565;3
A;11;758;2
A;18;734;2
B;15;501;1
B;12;764;1
C;12;342;3
C;15;538;3
C;10;111;3
B;7;925;3
A;11;125;2
B;10;17;1
B;14;905;1
A;15;436;2
B;11;660;1
A;10;107;2
C;11;669;3
A;18;550;2
A;27;254;2
A;27;86;2
A;4;743;2
C;4;129;3
A;19;852;2
A;16;785;2
B;6;464;3
B;1;92;3
A;24;60;3
C;4;918;3
C;25;400;3
A;10;590;2
A;30;905;2
A;10;684;2
A;17;104;2
C;17;603;3
A;11;678;2
B;21;706;1
A;29;568;2
C;11;828;3
A;19;902;2
B;4;471;3
A;26;953;2
B;26;91;1
C;11;849;3
B;29;255;1
A;21;522;2
C;18;536;3
A;20;403;2
A;21;720;2
B;18;957;1
B;10;198;1
B;6;920;3
C;1;685;3
C;10;182;3
A;26;184;2
B;8;111;3
B;29;45;1
C;4;507;3
A;25;260;2
C;21;763;3
C;25;895;3
A;7;163;2
B;25;34;1
B;19;898;1
A;22;387;2
A;21;346;2
B;14;559;1
C;12;622;3
A;25;122;2
C;30;849;3
C;20;388;3
A;23;84;2
A;29;205;2
C;2;861;3
A;21;412;2
A;23;426;2
B;21;102;1
B;5;705;3
A;30;919;2
B;6;56;3
B;17;796;1
B;15;161;1
A;24;849;2
A;20;881;2
B;25;172;1
C;6;156;3
C;28;923;3
C;5;668;3
B;2;273;3
B;23;274;1
B;3;466;3
A;15;264;2
A;3;307;2
B;30;531;1
C;21;162;3
C;27;261;3
C;14;230;3
C;28;422;3
C;22;696;3
B;3;909;3
A;24;862;2
A;15;721;2
A;16;806;2
B;22;575;1
B;5;254;3
C;11;298;3
C;14;743;3
C;21;202;3
B;9;815;3
B;21;83;1
A;5;984;2
C;0;410;3
B;2;922;3
B;25;218;1
A;29;669;2
A;18;986;2
A;21;265;2
A;21;875;2
C;17;351;3
B;6;538;3
B;7;308;3
A;1;326;2
A;9;19;2
A;25;508;2
C;19;723;3
B;23;241;1
C;24;563;3
C;20;126;3
B;20;571;1
C;28;274;3
C;27;218;3
B;19;664;1
C;15;126;3
C;28;361;3
A;26;291;2
C;28;682;3
B;27;219;1
A;14;670;2
B;8;803;3
C;22;794;3
A;20;574;2
C;23;205;3
C;26;555;3
A;18;902;2
A;23;370;2
B;6;433;3
C;12;554;3
B;29;388;1
C;24;999;3
A;16;179;2
C;20;615;3
A;25;678;2
B;5;715;3
A;23;809;2
C;25;11;3
A;27;768;2
B;19;874;1
B;22;143;1
A;16;900;2
B;7;916;3
B;3;445;3
A;0;692;2
A;0;237;2
B;19;567;1
C;30;227;3
C;23;314;3
A;2;886;2
C;21;265;3
C;26;895;3
C;11;620;3
B;30;97;1
B;7;542;3
B;25;177;1
B;18;903;1
B;5;682;3
C;25;673;3
B;26;527;1
C;7;141;3
A;11;361;2
C;12;357;3
B;17;948;1
C;24;191;3
C;27;314;3
B;17;52;1
B;18;187;1
B;20;461;1
C;9;558;3
C;1;157;3
B;26;805;1
B;12;245;1
A;11;663;2
C;28;252;3
A;27;335;2
A;17;97;2
C;1;584;3
A;10;209;2
B;2;148;3
B;18;874;1
B;0;781;3
C;18;25;3
A;11;927;2
A;17;868;2
C;30;113;3
A;29;353;2
C;13;45;3
C;4;14;3
A;13;591;2
B;18;409;1
C;15;464;3
A;7;604;2
C;30;476;3
A;11;117;2
A;0;58;3
B;2;588;3
B;20;573;1
B;6;805;3
C;5;201;3
C;8;859;3
C;14;993;3
A;30;474;2
A;4;686;2
C;26;908;3
A;21;799;2
A;24;373;2
B;9;15;3
C;16;33;3
C;16;407;3
C;4;997;3
A;15;265;2
C;15;744;3
B;1;61;3
B;15;579;1
A;28;572;2
B;28;579;1
C;27;46;3
C;9;307;3
A;13;335;2
C;28;830;3
B;3;224;3
A;15;626;2
C;3;91;3
B;10;597;1
B;20;197;1
A;16;170;2
A;27;332;2
C;6;393;3
C;14;108;3
C;12;27;3
B;28;592;1
B;8;490;3
C;0;960;3
A;28;136;2
A;7;743;2
B;25;882;1
A;7;813;2
B;5;454;3
C;3;512;3
C;6;931;3
C;27;58;3
B;13;73;1
B;25;101;1
C;28;777;3
C;22;418;3
B;0;630;3
B;13;407;1
C;11;769;3
A;2;874;2
B;4;16;3
B;17;560;1
A;22;398;2
B;5;229;3
C;26;317;3
A;27;270;2
B;30;363;1
B;8;659;3
A;11;417;2
C;10;725;3
B;20;776;1
B;30;15;1
A;9;530;2
B;16;59;1
A;15;366;2
B;2;668;3
C;2;233;3
A;8;579;2
A;9;506;2
A;10;981;2
B;6;886;3
C;9;313;3
A;16;513;2
B;20;956;1
A;1;397;2
C;16;631;3
C;17;895;3
C;16;522;3
C;14;474;3
A;27;999;2
C;26;469;3
B;13;902;1
C;11;839;3
A;22;220;2
A;3;271;2
C;3;917;3
B;8;740;3
C;28;807;3
A;27;653;2
C;20;149;3
C;0;435;3
C;7;249;3
A;27;363;2
A;24;931;2
B;21;510;1
C;24;881;3
C;8;849;3
C;21;517;3
B;30;741;1
B;27;638;1
A;24;2;3
C;1;97;3
B;10;933;1
A;5;565;2
A;9;165;2
A;7;47;2
B;8;676;3
C;1;587;3
C;20;460;3
A;11;348;2
C;2;870;3
B;4;886;3
B;17;456;1
C;30;442;3
C;29;811;3
C;13;862;3
C;25;29;3
C;4;460;3
C;12;227;3
A;27;955;2
A;2;992;2
B;6;589;3
A;23;168;2
C;20;153;3
B;27;271;1
B;3;930;3
B;16;203;1
A;21;664;2
C;13;593;3
B;11;657;1
A;11;974;2
A;27;178;2
A;9;434;2
C;11;172;3
A;11;574;2
A;22;481;2
C;20;465;3
B;20;285;1
B;21;300;1
C;8;659;3
C;21;321;3
C;26;974;3
B;23;765;1
B;15;291;1
C;11;157;3
A;16;651;2
A;18;847;2
C;17;628;3
B;26;140;1
C;0;740;3
B;27;199;1
C;26;144;3
C;29;59;3
B;8;647;3
A;10;949;2
B;9;695;3
B;8;968;3
C;12;495;3
C;21;567;3
B;21;190;1
C;3;738;3
B;1;288;3
C;21;815;3
A;21;295;2
C;13;945;3
B;23;325;1
C;20;219;3
C;22;208;3
A;12;971;2
A;1;190;2
C;25;415;3
C;5;197;3
C;27;373;3
B;29;267;1
B;11;227;1
B;11;873;1
A;2;954;2
C;29;155;3
A;9;528;2
A;4;389;2
A;16;12;3
B;21;498;1
C;13;650;3
B;4;531;3
C;24;418;3
C;4;901;3
B;27;160;1
B;30;808;1
C;19;200;3
A;23;246;2
A;29;930;2
A;27;236;2
B;6;11;3
A;29;525;2
B;23;508;1
B;28;481;1
B;28;95;1
A;28;30;3
C;22;502;3
B;4;760;3
C;22;474;3
B;27;211;1
C;28;702;3
A;28;729;2
B;30;932;1
C;24;472;3
A;24;132;2
C;9;440;3
A;21;254;2
A;9;483;2
B;4;826;3
B;14;582;1
A;0;714;2
A;14;227;2
C;28;73;3
A;15;851;2
C;18;741;3
A;13;585;2
C;11;919;3
C;25;105;3
B;8;940;3
B;7;194;3
A;10;585;2
C;0;681;3
A;4;506;2
B;5;794;3
B;24;133;1
C;20;742;3
B;20;660;1
A;4;791;2
C;16;597;3
A;5;813;2
A;19;390;2
A;13;619;2
B;24;311;1
A;9;391;2
B;7;491;3
C;26;254;3
B;17;873;1
A;4;740;2
B;10;169;1
B;21;267;1
A;16;592;2
B;18;148;1
C;11;777;3
C;21;478;3
C;3;301;3
A;7;617;2
B;4;2;3
C;21;26;3
A;7;987;2
B;14;263;1
B;16;733;1
A;21;51;2
C;30;695;3
A;14;874;2
C;27;717;3
B;6;768;3
A;26;656;2
C;2;935;3
A;19;995;2
B;27;867;1
C;0;363;3
B;0;86;3
B;10;373;1
C;6;846;3
A;17;683;2
B;13;834;1
A;25;313;2
C;3;614;3
C;25;341;3
C;8;486;3
B;22;368;1
A;9;716;2
B;15;865;1
C;9;907;3
C;2;897;3
A;0;631;2
A;9;159;2
B;6;183;3
B;10;224;1
B;12;624;1
B;9;604;3
B;10;217;1
C;10;942;3
C;1;331;3
C;26;916;3
A;4;280;2
B;22;952;1
C;11;706;3
A;20;374;2
C;25;738;3
B;27;913;1
B;0;575;3
B;8;959;3
C;9;333;3
A;19;279;2
A;15;484;2
B;5;52;3
A;18;677;2
C;16;953;3
C;23;569;3
A;20;562;2
C;11;224;3
A;20;279;2
C;7;551;3
A;12;789;2
B;5;185;3
C;29;492;3
C;13;352;3
C;22;12;3
B;27;573;1
C;24;154;3
B;3;613;3
B;8;87;3
C;8;864;3
B;10;866;1
B;27;268;1
A;23;338;2
A;25;564;2
C;6;150;3
A;8;563;2
A;18;369;2
A;30;181;2
A;23;164;2
A;26;280;2
C;24;876;3
C;10;252;3
C;19;336;3
B;2;285;3
B;17;969;1
C;7;395;3
C;27;184;3
A;1;279;2
A;24;837;2
C;12;536;3
A;11;680;2
C;19;746;3
A;25;957;2
A;11;657;2
C;27;216;3
C;3;224;3
B;17;276;1
A;3;415;2
A;7;954;2
A;3;400;2
A;21;86;2
B;9;481;3
B;18;941;1
C;25;593;3
A;21;684;2
B;9;83;3
A;2;297;2
B;23;129;1
A;9;855;2
B;13;19;1
A;14;982;2
A;7;571;2
B;20;586;1
C;22;78;3
C;6;334;3
C;29;366;3
C;20;519;3
A;3;358;2
A;30;506;2
B;4;407;3
A;12;17;3
A;0;806;2
B;16;451;1
C;6;587;3
A;7;296;2
B;24;963;1
C;19;648;3
A;6;862;2
C;23;514;3
A;17;375;2
C;18;264;3
A;15;326;2
C;30;100;3
B;13;259;1
B;11;485;1
C;20;545;3
B;7;659;3
A;1;856;2
B;23;194;1
C;8;268;3
C;7;264;3
A;29;386;2
A;20;356;2
C;8;1;3
B;26;816;1
B;23;203;1
B;27;458;1
B;12;987;1
C;30;242;3
B;5;323;3
C;20;351;3
A;19;727;2
A;16;778;2
A;8;35;3
A;1;789;2
C;23;105;3
C;27;618;3
A;16;27;3
B;12;867;1
C;1;52;3
C;27;528;3
B;9;717;3
C;2;455;3
A;15;674;2
B;14;274;1
C;8;812;3
B;26;681;1
A;21;502;2
B;7;287;3
A;2;479;2
C;20;135;3
C;18;212;3
A;9;804;2
A;11;267;2
B;1;466;3
A;23;446;2
A;21;49;2
C;4;37;3
A;7;249;2
A;15;442;2
C;13;510;3
B;5;323;3
B;1;452;3
A;12;537;2
A;23;352;2
A;25;107;2
C;13;691;3
B;13;192;1
A;19;209;2
B;29;485;1
A;0;95;3
C;2;844;3
A;14;359;2
B;10;166;1
C;30;286;3
B;25;74;1
C;9;709;3
B;17;753;1
A;5;149;2
B;12;381;1
C;23;543;3
B;16;852;1
C;25;739;3
B;11;350;1
A;13;290;2
B;24;930;1
C;29;476;3
B;23;528;1
B;15;346;1
A;22;761;2
C;21;824;3
A;20;873;2
A;1;497;2
A;19;323;2
A;14;100;3
B;24;8;2
C;6;429;3
C;22;559;3
C;29;274;3
A;20;771;2
C;11;131;3
C;23;809;3
A;9;106;2
B;6;483;3
A;23;939;2
A;12;806;2
A;12;402;2
A;7;611;2
B;11;394;1
A;18;296;2
A;25;649;2
C;18;707;3
B;25;20;1
C;20;91;3
C;15;786;3
B;3;409;3
A;28;671;2
C;0;292;3
B;10;372;1
B;16;129;1
A;20;328;2
B;18;501;1
A;8;967;2
C;0;607;3
A;1;115;2
A;11;708;2
B;3;751;3
A;14;949;2
A;20;43;3
B;25;117;1
B;22;516;1
A;6;954;2
B;0;217;3
C;30;619;3
A;5;119;2
C;13;928;3
C;27;568;3
C;20;250;3
A;19;214;2
A;22;136;2
B;23;765;1
A;28;360;2
A;18;482;2
B;22;339;1
C;0;161;3
B;21;250;1
B;17;175;1
C;20;331;3
B;3;963;3
C;22;108;3
B;19;682;1
C;2;326;3
A;20;101;2
B;24;864;1
C;20;589;3
C;13;932;3
C;16;603;3
B;24;258;1
C;8;543;3
C;18;784;3
C;15;559;3
A;28;245;2
C;17;311;3
A;30;851;2
A;1;419;2
B;26;246;1
C;4;509;3
B;21;471;1
B;28;371;1
B;13;380;1
A;23;985;2
A;30;520;2
C;3;987;3
C;16;826;3
C;30;393;3
B;22;388;1
A;12;49;3
C;28;765;3
B;21;30;1
B;16;938;1
B;4;357;3
A;12;388;2
C;7;432;3
A;7;611;2
C;6;811;3
C;4;760;3
B;16;788;1
A;16;924;2
C;23;275;3
B;16;785;1
A;11;739;2
C;28;97;3
B;29;315;1
B;5;582;3
B;7;341;3
C;4;446;3
B;15;569;1
B;14;193;1
A;20;443;2
B;12;746;1
A;19;857;2
C;2;70;3
A;5;458;2
C;20;68;3
C;2;37;3
B;30;158;1
A;19;468;2
A;15;365;2
C;16;249;3
A;27;572;2
B;7;791;3
C;14;426;3
B;9;892;3
A;29;704;2
C;4;257;3
B;4;816;3
B;29;477;1
B;12;373;1
A;23;86;2
A;19;408;2
A;2;28;3
A;20;560;2
C;24;204;3
C;21;380;3
B;28;83;1
B;23;982;1
B;26;876;1
B;30;958;1
B;17;593;1
C;3;787;3
A;29;356;2
B;24;32;1
B;22;8;2
B;10;334;1
A;15;167;2
B;24;612;1
A;30;40;3
B;4;859;3
A;2;321;2
C;14;649;3
C;30;130;3
B;5;78;3
B;17;966;1
C;7;721;3
C;25;737;3
A;0;283;2
A;14;838;2
B;3;287;3
B;29;138;1
B;7;148;3
C;23;706;3
C;23;822;3
C;14;996;3
C;2;119;3
C;18;448;3
C;1;557;3
A;7;814;2
B;22;479;1
B;10;109;1
C;20;39;3
A;26;661;2
